SalesID,orderid,customerid,productid,quantity,unitprice,totalprice,discount,profit
1,ORD1243,CUST643,JEANS333,13,461.2,4556.66,0.24,543.45
2,ORD1535,CUST683,FICTI515,1,296.11,225.04,0.24,55.54
3,ORD1915,CUST653,JACKE467,13,292.11,2772.12,0.27,733.24
4,ORD1584,CUST509,BIOGR835,9,335.55,2144.16,0.29,293.64
5,ORD1207,CUST517,T-SHI713,1,789.34,694.62,0.12,191.37
6,ORD1947,CUST652,JACKE139,6,957.44,4595.71,0.2,1050.53
7,ORD1201,CUST535,TABLE229,8,916.19,6596.57,0.1,1625.59
8,ORD1667,CUST614,LAMP375,13,522.06,5157.95,0.24,1187.3
9,ORD1720,CUST595,T-SHI132,17,923.99,15707.83,0,2431.29
10,ORD1359,CUST594,BIOGR121,11,631.89,5491.12,0.21,1043.95
11,ORD1487,CUST509,RUG525,2,899.3,1726.66,0.04,198.97
12,ORD1055,CUST654,CURTA359,20,296.77,4273.49,0.28,859.3
13,ORD1404,CUST653,JEANS563,12,899.89,9394.85,0.13,1773.2
14,ORD1849,CUST565,T-SHI763,4,55.83,200.99,0.1,34.84
15,ORD1319,CUST581,SWEAT417,14,177.29,1936.01,0.22,549.2
16,ORD1984,CUST671,TABLE454,14,734.59,9667.2,0.06,1280.05
17,ORD1972,CUST627,CURTA641,15,869.64,11870.59,0.09,2941.09
18,ORD1965,CUST598,LAMP252,3,102.91,296.38,0.04,29.93
19,ORD1516,CUST604,NON-F676,4,27.4,94.26,0.14,19.06
20,ORD1704,CUST636,FICTI335,7,946.87,4639.66,0.3,678.65
21,ORD1431,CUST566,PHONE526,19,209.64,2867.88,0.28,693.19
22,ORD1275,CUST571,JACKE567,1,227.04,165.74,0.27,25.42
23,ORD1288,CUST529,FICTI122,5,168.02,705.68,0.16,184.7
24,ORD1400,CUST563,TABLE366,2,853.57,1212.07,0.29,233.97
25,ORD1677,CUST658,HEADP997,4,445.35,1389.49,0.22,292.78
26,ORD1868,CUST523,LAMP822,14,212.81,2711.2,0.09,385.96
27,ORD1938,CUST665,COMIC128,12,105.53,899.12,0.29,105.42
28,ORD1900,CUST564,FICTI640,2,413.37,686.19,0.17,113.06
29,ORD1051,CUST626,HEADP500,17,821.54,11731.59,0.16,2070.65
30,ORD1272,CUST640,SWEAT267,14,433.99,5164.48,0.15,834.25
31,ORD1656,CUST538,LAMP770,17,10.22,170.27,0.02,30.57
32,ORD1375,CUST609,T-SHI544,19,291.95,5103.29,0.08,1112.16
33,ORD1902,CUST667,PHONE796,11,715.3,7081.47,0.1,1221.98
34,ORD1536,CUST693,COMIC108,11,575.51,4937.88,0.22,1309.26
35,ORD1831,CUST550,NON-F823,16,535.37,8480.26,0.01,953.95
36,ORD1454,CUST578,LAMP226,20,336.71,5926.1,0.12,883.38
37,ORD1250,CUST552,JEANS320,14,476.46,5202.94,0.22,1534.77
38,ORD1570,CUST626,T-SHI686,3,143.82,388.31,0.1,112.31
39,ORD1453,CUST618,TABLE536,2,289.55,416.95,0.28,120.48
40,ORD1843,CUST532,NON-F159,5,895.42,3895.08,0.13,926.89
41,ORD1045,CUST506,HEADP827,19,414.44,6378.23,0.19,1765.51
42,ORD1060,CUST592,NON-F962,10,676.88,5888.86,0.13,886.95
43,ORD1400,CUST632,JACKE511,19,68.85,1125.01,0.14,272.1
44,ORD1995,CUST635,MIRRO800,12,187.7,1734.35,0.23,436.32
45,ORD1036,CUST513,PHONE845,3,238.23,578.9,0.19,104.46
46,ORD1532,CUST644,NON-F809,12,118.11,1204.72,0.15,238.77
47,ORD1724,CUST576,HEADP352,20,803.14,11725.84,0.27,1677.9
48,ORD1647,CUST594,PHONE359,6,370.39,1800.1,0.19,421.63
49,ORD1730,CUST689,SWEAT178,13,469.65,5739.12,0.06,1115.48
50,ORD1194,CUST674,NON-F333,13,492.39,6209.04,0.03,1572.02
51,ORD1509,CUST569,COMIC379,15,87.11,1032.25,0.21,142.48
52,ORD1295,CUST690,T-SHI541,6,471.46,2545.88,0.1,689.26
53,ORD1445,CUST607,BIOGR383,12,524.26,5095.81,0.19,1060.93
54,ORD1788,CUST641,LAPTO426,12,341.65,2951.86,0.28,771.64
55,ORD1472,CUST614,HEADP296,17,131.98,1705.18,0.24,304.34
56,ORD1389,CUST588,LAPTO135,4,642.04,2105.89,0.18,466.14
57,ORD1325,CUST677,MIRRO368,8,326.62,2011.98,0.23,403.15
58,ORD1343,CUST628,TABLE186,3,358.32,892.22,0.17,136.19
59,ORD1180,CUST617,JEANS283,8,456.54,3506.23,0.04,720.44
60,ORD1777,CUST661,HEADP161,7,56.03,329.46,0.16,60.21
61,ORD1157,CUST533,CURTA334,3,992.16,2202.6,0.26,654.67
62,ORD1981,CUST597,T-SHI327,16,117.7,1638.38,0.13,490.88
63,ORD1016,CUST622,JEANS623,17,855.92,14405.13,0.01,3328.14
64,ORD1784,CUST533,LAMP998,19,574.61,8843.25,0.19,1728.52
65,ORD1838,CUST687,COMIC862,14,463.37,5514.1,0.15,1179.39
66,ORD1525,CUST535,CURTA221,13,672.84,6122.84,0.3,1049.24
67,ORD1403,CUST550,HEADP534,19,195.44,2970.69,0.2,397.5
68,ORD1169,CUST507,TABLE608,7,564.81,3439.69,0.13,414.83
69,ORD1672,CUST517,BIOGR102,12,985,10519.8,0.11,2217.45
70,ORD1717,CUST692,PHONE514,9,690.07,5962.2,0.04,614.18
71,ORD1973,CUST510,SWEAT229,1,940.16,761.53,0.19,173.73
72,ORD1131,CUST698,FICTI251,10,941.7,8004.45,0.15,1341.18
73,ORD1382,CUST643,COMIC164,5,90.44,406.98,0.1,103.54
74,ORD1350,CUST593,RUG683,13,26.46,316.46,0.08,75.05
75,ORD1232,CUST530,FICTI511,16,56.19,818.13,0.09,146.05
76,ORD1697,CUST670,PHONE351,19,230.51,3197.17,0.27,725.4
77,ORD1565,CUST508,JACKE397,1,750.54,630.45,0.16,141.72
78,ORD1138,CUST641,NON-F419,11,717.24,5601.64,0.29,855.42
79,ORD1729,CUST585,CURTA128,1,869.39,747.68,0.14,86.54
80,ORD1939,CUST508,FICTI959,17,808.9,11826.12,0.14,1455.78
81,ORD1684,CUST504,FICTI150,3,207.7,567.02,0.09,63.58
82,ORD1531,CUST658,HEADP166,2,838.39,1542.64,0.08,232.06
83,ORD1211,CUST525,LAMP201,7,891.95,5182.23,0.17,1436.07
84,ORD1471,CUST534,CURTA704,7,693.37,3785.8,0.22,534.35
85,ORD1948,CUST556,JEANS139,2,171.95,333.58,0.03,67.89
86,ORD1612,CUST689,LAPTO625,7,446.19,2404.96,0.23,669.57
87,ORD1655,CUST529,MIRRO527,12,703.95,7856.08,0.07,1154.14
88,ORD1006,CUST638,T-SHI255,19,69.67,979.56,0.26,148.9
89,ORD1843,CUST674,PHONE237,9,922.08,6058.07,0.27,1478.41
90,ORD1696,CUST687,MIRRO841,15,687.52,7631.47,0.26,1014.43
91,ORD1918,CUST609,RUG823,17,346.34,5416.76,0.08,1623.06
92,ORD1693,CUST545,PHONE624,17,844.98,13502.78,0.06,2727.57
93,ORD1218,CUST696,JEANS987,9,138.34,1020.95,0.18,252.67
94,ORD1230,CUST689,JACKE580,6,630.26,3630.3,0.04,496.93
95,ORD1931,CUST507,HEADP120,13,737.73,7576.49,0.21,1632.89
96,ORD1174,CUST591,LAPTO753,1,869.65,860.95,0.01,150.49
97,ORD1329,CUST500,TABLE914,6,404.64,2282.17,0.06,338.37
98,ORD1716,CUST536,NON-F516,3,33.57,96.68,0.04,13.35
99,ORD1234,CUST626,RUG144,7,739.03,4914.55,0.05,1227.49
100,ORD1648,CUST678,LAPTO846,16,42.62,552.36,0.19,89.09
101,ORD1132,CUST647,PHONE311,7,589.22,3918.31,0.05,950.88
102,ORD1902,CUST536,JEANS295,2,814.3,1172.59,0.28,273.66
103,ORD1391,CUST667,JEANS623,5,464.46,1741.72,0.25,262.86
104,ORD1326,CUST524,NON-F685,18,747.02,10488.16,0.22,2425.1
105,ORD1849,CUST699,CURTA398,13,104.3,1044.04,0.23,225.16
106,ORD1771,CUST578,CURTA206,7,711.8,4384.69,0.12,980.29
107,ORD1586,CUST631,TABLE589,10,870.63,6877.98,0.21,881.62
108,ORD1939,CUST678,RUG828,17,595.75,9216.25,0.09,1909.68
109,ORD1214,CUST581,CURTA575,16,764.08,11491.76,0.06,1175.85
110,ORD1953,CUST548,RUG834,14,28.65,332.91,0.17,97.92
111,ORD1787,CUST693,BIOGR795,8,771.21,5984.59,0.03,946.73
112,ORD1853,CUST650,FICTI743,4,406.02,1153.1,0.29,168.43
113,ORD1526,CUST539,LAMP469,7,205.33,1307.95,0.09,225.26
114,ORD1318,CUST546,JEANS537,14,21.28,271.11,0.09,49.22
115,ORD1416,CUST534,PHONE359,10,831.19,8145.66,0.02,1318.86
116,ORD1770,CUST527,JACKE962,7,407.06,2507.49,0.12,603.6
117,ORD1373,CUST620,MIRRO989,20,152.53,2989.59,0.02,727.19
118,ORD1692,CUST616,MIRRO534,19,218.01,2940.95,0.29,679.97
119,ORD1610,CUST517,JEANS629,7,15.53,84.79,0.22,22.54
120,ORD1111,CUST567,MIRRO374,10,324.38,3114.05,0.04,401.39
121,ORD1624,CUST510,RUG488,19,887.3,13486.96,0.2,3304.31
122,ORD1880,CUST636,CURTA402,11,197.68,1717.84,0.21,305.08
123,ORD1952,CUST571,JACKE602,17,574.87,9479.61,0.03,1177.35
124,ORD1933,CUST537,COMIC149,18,650.2,9713.99,0.17,1946.24
125,ORD1039,CUST567,CURTA556,4,351.34,1166.45,0.17,317.32
126,ORD1001,CUST697,MIRRO502,9,845.67,7154.37,0.06,1120.2
127,ORD1101,CUST656,MIRRO194,15,314.6,4199.91,0.11,468.15
128,ORD1869,CUST679,JEANS700,10,42.01,411.7,0.02,53.48
129,ORD1066,CUST592,FICTI828,18,880.79,12683.38,0.2,3514.87
130,ORD1935,CUST676,MIRRO688,16,219.09,2979.62,0.15,408.76
131,ORD1095,CUST605,JACKE773,6,777.77,3919.96,0.16,739.23
132,ORD1213,CUST502,JEANS641,4,251.49,824.89,0.18,230.38
133,ORD1563,CUST538,NON-F500,4,23.76,71.28,0.25,7.63
134,ORD1549,CUST686,HEADP146,7,665.92,3309.62,0.29,500.83
135,ORD1840,CUST648,T-SHI342,7,332.95,2074.28,0.11,581.81
136,ORD1610,CUST693,LAMP563,1,749.34,689.39,0.08,196.93
137,ORD1808,CUST690,TABLE611,18,512.98,7756.26,0.16,1524.9
138,ORD1520,CUST653,JEANS512,8,925.64,5331.69,0.28,697.26
139,ORD1916,CUST637,HEADP202,3,131.15,377.71,0.04,63.7
140,ORD1915,CUST604,TABLE198,8,779.97,5303.8,0.15,1006.4
141,ORD1301,CUST698,HEADP335,20,861.88,15169.09,0.12,4221.13
142,ORD1627,CUST667,FICTI947,11,795.91,7791.96,0.11,1632.99
143,ORD1120,CUST698,BIOGR915,9,864.44,6379.57,0.18,762.44
144,ORD1649,CUST661,FICTI273,1,149.83,143.84,0.04,39.31
145,ORD1318,CUST693,PHONE748,6,716.55,4041.34,0.06,956.07
146,ORD1045,CUST508,MIRRO422,11,378.07,3576.54,0.14,708.7
147,ORD1950,CUST594,SWEAT584,15,347.04,4841.21,0.07,490.19
148,ORD1450,CUST525,COMIC673,12,87,751.68,0.28,157.52
149,ORD1121,CUST661,TABLE686,10,478.44,4258.12,0.11,668.73
150,ORD1022,CUST533,SWEAT598,7,387.31,2629.83,0.03,285.21
151,ORD1677,CUST659,SWEAT414,10,500.58,4605.34,0.08,1363.97
152,ORD1253,CUST677,COMIC452,1,108.94,102.4,0.06,23.17
153,ORD1423,CUST657,COMIC794,8,867.97,5485.57,0.21,1461.18
154,ORD1069,CUST653,T-SHI533,9,112.1,978.63,0.03,261.14
155,ORD1166,CUST605,TABLE860,7,967.28,5958.44,0.12,1275.87
156,ORD1448,CUST542,FICTI454,2,918.11,1744.41,0.05,431.65
157,ORD1883,CUST519,BIOGR329,8,928.57,7131.42,0.04,1294.88
158,ORD1323,CUST564,LAPTO386,10,31.46,261.12,0.17,34.78
159,ORD1005,CUST558,LAMP714,17,835.1,9937.69,0.3,2859.91
160,ORD1017,CUST509,JACKE931,8,13.34,88.58,0.17,10.2
161,ORD1399,CUST580,JACKE898,3,578.09,1734.27,0,307.11
162,ORD1215,CUST646,T-SHI215,3,358.11,805.75,0.25,102.64
163,ORD1212,CUST544,JACKE283,12,472.93,5334.65,0.06,1543.67
164,ORD1385,CUST658,T-SHI801,15,280.24,3615.1,0.14,646.44
165,ORD1078,CUST550,FICTI379,20,123.42,2098.14,0.15,270.79
166,ORD1441,CUST694,NON-F933,9,80.9,538.79,0.26,74.83
167,ORD1855,CUST585,FICTI848,3,46.91,119.62,0.15,21.62
168,ORD1589,CUST511,TABLE141,6,905.27,4128.03,0.24,1108.12
169,ORD1722,CUST661,BIOGR113,17,473.18,5711.28,0.29,923.83
170,ORD1381,CUST569,T-SHI845,20,461.09,7285.22,0.21,768.11
171,ORD1368,CUST686,TABLE751,12,917.09,10014.62,0.09,1044.49
172,ORD1095,CUST584,LAPTO715,6,671.08,3180.92,0.21,807.34
173,ORD1519,CUST507,SWEAT887,15,900.07,10125.79,0.25,2811.1
174,ORD1652,CUST686,LAPTO226,4,715.21,2603.36,0.09,751.11
175,ORD1124,CUST686,JACKE517,16,528.36,6171.24,0.27,627.21
176,ORD1615,CUST517,SWEAT351,18,584.05,8935.97,0.15,2362.13
177,ORD1634,CUST515,PHONE475,13,318.72,3397.56,0.18,863.83
178,ORD1805,CUST570,PHONE672,1,810.45,672.67,0.17,72.94
179,ORD1181,CUST653,TABLE465,2,372.16,736.88,0.01,193.61
180,ORD1720,CUST663,SWEAT909,4,69.53,239.18,0.14,60.86
181,ORD1423,CUST592,CURTA724,6,523.65,2356.42,0.25,677.97
182,ORD1810,CUST592,LAPTO826,20,370.95,6231.96,0.16,1255.04
183,ORD1586,CUST597,RUG981,18,971.99,12596.99,0.28,3165.24
184,ORD1160,CUST621,LAMP708,12,787.28,8502.62,0.1,2454.82
185,ORD1405,CUST584,TABLE784,14,205.01,2669.23,0.07,456.31
186,ORD1045,CUST563,T-SHI779,2,249.16,403.64,0.19,106.58
187,ORD1438,CUST608,CURTA517,16,970.05,13658.3,0.12,1994.55
188,ORD1116,CUST583,JEANS986,7,479.69,3223.52,0.04,539.35
189,ORD1811,CUST607,LAMP873,8,278.44,1603.81,0.28,434.95
190,ORD1391,CUST618,JEANS738,7,391.02,2217.08,0.19,379.96
191,ORD1460,CUST516,T-SHI887,7,162.48,818.9,0.28,108.14
192,ORD1782,CUST525,CURTA831,10,543.77,4785.18,0.12,1120.87
193,ORD1608,CUST695,LAMP980,19,569.25,8111.81,0.25,1930.69
194,ORD1117,CUST636,FICTI213,4,358.83,1263.08,0.12,246.79
195,ORD1613,CUST616,LAPTO708,3,784.21,2140.89,0.09,477.53
196,ORD1940,CUST551,COMIC804,11,173.5,1698.57,0.11,193.16
197,ORD1613,CUST520,LAPTO477,4,491.61,1848.45,0.06,520.32
198,ORD1240,CUST551,JACKE938,5,827.4,4012.89,0.03,445.31
199,ORD1491,CUST673,BIOGR852,3,220.14,475.5,0.28,102.46
200,ORD1081,CUST639,SWEAT451,18,353.89,4586.41,0.28,602.43
201,ORD1493,CUST533,T-SHI972,7,248.64,1374.98,0.21,378.16
202,ORD1599,CUST689,T-SHI709,8,215.5,1689.52,0.02,275.08
203,ORD1608,CUST639,SWEAT961,6,291.81,1610.79,0.08,228.91
204,ORD1566,CUST539,LAPTO953,16,455.1,6699.07,0.08,1769.31
205,ORD1815,CUST614,JEANS584,12,681.92,7119.24,0.13,947.25
206,ORD1557,CUST663,CURTA777,17,948.78,12419.53,0.23,3432.53
207,ORD1160,CUST622,FICTI758,20,455.29,8195.22,0.1,1414.67
208,ORD1918,CUST692,PHONE979,11,594.84,5103.73,0.22,920.22
209,ORD1800,CUST588,BIOGR152,9,27.38,182.35,0.26,44.62
210,ORD1163,CUST593,JEANS112,5,288.52,1399.32,0.03,277.41
211,ORD1970,CUST510,LAMP296,9,772.31,5213.09,0.25,896.87
212,ORD1060,CUST649,RUG665,16,861.06,10194.95,0.26,1347.41
213,ORD1924,CUST521,SWEAT398,2,586.89,927.29,0.21,275.53
214,ORD1688,CUST514,MIRRO959,9,345.57,3110.13,0,828.5
215,ORD1016,CUST673,COMIC465,7,147.5,877.62,0.15,224.03
216,ORD1256,CUST597,FICTI898,6,165.3,902.54,0.09,113.17
217,ORD1065,CUST672,MIRRO510,14,209.09,2517.44,0.14,455.26
218,ORD1032,CUST629,MIRRO435,15,258.64,3064.88,0.21,423.88
219,ORD1960,CUST668,PHONE850,14,895.95,9532.91,0.24,1160.1
220,ORD1986,CUST698,RUG648,1,239.25,172.26,0.28,22.46
221,ORD1713,CUST589,CURTA268,16,118.07,1322.38,0.3,337.5
222,ORD1566,CUST688,FICTI137,19,502.13,6678.33,0.3,1267.23
223,ORD1478,CUST664,RUG764,7,735.1,4322.39,0.16,820.17
224,ORD1095,CUST512,COMIC596,20,442.41,7963.38,0.1,2245.24
225,ORD1473,CUST570,HEADP200,10,777.18,7538.65,0.03,1642.74
226,ORD1039,CUST652,TABLE333,20,381.03,6782.33,0.11,1246.82
227,ORD1887,CUST672,FICTI932,15,787.19,8501.65,0.28,2275.68
228,ORD1413,CUST643,SWEAT102,11,127.07,1118.22,0.2,267.87
229,ORD1357,CUST517,FICTI869,12,58.83,642.42,0.09,89.42
230,ORD1276,CUST694,RUG303,11,66.26,612.24,0.16,71.86
231,ORD1400,CUST507,JACKE995,3,147.93,350.59,0.21,47.7
232,ORD1744,CUST566,COMIC436,3,89.79,231.66,0.14,66.76
233,ORD1157,CUST685,FICTI662,14,459.61,5855.43,0.09,1604.86
234,ORD1917,CUST676,JEANS257,13,779.03,8912.1,0.12,2305.45
235,ORD1845,CUST652,JACKE587,5,758.26,3525.91,0.07,649.07
236,ORD1433,CUST593,LAPTO110,17,775.32,12916.83,0.02,2000.79
237,ORD1985,CUST630,BIOGR817,16,344.83,5406.93,0.02,921.7
238,ORD1580,CUST657,SWEAT589,1,371.21,293.26,0.21,81.36
239,ORD1070,CUST560,RUG324,10,577.93,4045.51,0.3,1210.14
240,ORD1738,CUST532,JACKE444,8,790.98,6264.56,0.01,1549.58
241,ORD1386,CUST624,CURTA567,11,20.1,179.09,0.19,53.16
242,ORD1846,CUST603,SWEAT953,18,754.27,10046.88,0.26,1373.57
243,ORD1783,CUST645,T-SHI197,7,62.14,356.68,0.18,77.68
244,ORD1834,CUST620,COMIC418,4,427.84,1420.43,0.17,381.82
245,ORD1175,CUST664,JACKE234,14,164.28,2138.93,0.07,487.98
246,ORD1388,CUST611,CURTA564,2,216.84,364.29,0.16,70.47
247,ORD1032,CUST619,BIOGR983,6,44.32,188.8,0.29,20.14
248,ORD1208,CUST605,T-SHI107,9,261.02,2302.2,0.02,582.7
249,ORD1422,CUST653,FICTI796,7,32.79,208.87,0.09,30.62
250,ORD1312,CUST631,TABLE898,14,140.69,1615.12,0.18,254.81
251,ORD1329,CUST519,LAMP586,5,147.5,730.12,0.01,147.89
252,ORD1398,CUST577,MIRRO756,12,268.72,2708.7,0.16,414.45
253,ORD1181,CUST644,COMIC970,14,119.08,1517.08,0.09,200.82
254,ORD1239,CUST644,BIOGR155,5,797.81,2951.9,0.26,721.71
255,ORD1718,CUST625,JEANS964,13,524.4,5930.96,0.13,668.94
256,ORD1068,CUST655,COMIC737,11,938.27,7740.73,0.25,1703.14
257,ORD1424,CUST516,PHONE744,16,816.73,11891.59,0.09,2555.23
258,ORD1912,CUST587,SWEAT358,17,30.66,437.82,0.16,126.77
259,ORD1937,CUST637,JEANS929,12,793.87,7811.68,0.18,1146.73
260,ORD1788,CUST644,CURTA728,1,921.16,690.87,0.25,83.2
261,ORD1153,CUST640,T-SHI629,7,597.02,3092.56,0.26,693.93
262,ORD1078,CUST542,PHONE532,8,924.89,5623.33,0.24,1466.09
263,ORD1555,CUST558,PHONE523,9,516.68,3487.59,0.25,401.93
264,ORD1538,CUST598,HEADP452,8,200.44,1539.38,0.04,369.84
265,ORD1834,CUST563,PHONE358,14,245.42,2817.42,0.18,315.09
266,ORD1120,CUST513,FICTI741,9,913.47,6248.13,0.24,1260.17
267,ORD1230,CUST577,RUG314,1,694.19,617.83,0.11,117.54
268,ORD1370,CUST571,HEADP316,7,541.66,2805.8,0.26,430.98
269,ORD1218,CUST583,FICTI476,4,915.75,2747.25,0.25,677.72
270,ORD1009,CUST534,NON-F232,1,838.59,704.42,0.16,162.69
271,ORD1776,CUST606,T-SHI577,13,75.29,763.44,0.22,154.21
272,ORD1526,CUST689,LAMP753,1,53.19,51.59,0.03,6.68
273,ORD1985,CUST622,NON-F355,5,64.3,225.05,0.3,44.09
274,ORD1584,CUST551,JACKE894,17,126.23,1716.73,0.2,296.45
275,ORD1742,CUST647,MIRRO182,3,207.39,541.29,0.13,61.54
276,ORD1561,CUST551,MIRRO451,16,763.78,9165.36,0.25,1177.36
277,ORD1068,CUST613,CURTA184,8,152.42,1097.42,0.1,222.13
278,ORD1914,CUST651,LAPTO202,19,638.88,9710.98,0.2,1098.39
279,ORD1530,CUST608,LAPTO304,15,620.88,7450.56,0.2,2026.39
280,ORD1939,CUST594,LAMP925,10,824.13,7417.17,0.1,1444.68
281,ORD1068,CUST668,MIRRO668,8,942.89,7241.4,0.04,888.01
282,ORD1002,CUST692,LAPTO942,9,729.01,5904.98,0.1,1648.16
283,ORD1792,CUST649,JACKE226,3,273.61,746.96,0.09,118.3
284,ORD1560,CUST639,SWEAT136,4,526.01,1725.31,0.18,504.17
285,ORD1608,CUST644,BIOGR333,18,811.08,14161.46,0.03,2230.9
286,ORD1444,CUST644,JACKE607,19,171.42,2442.73,0.25,689
287,ORD1499,CUST505,BIOGR167,17,697.43,11144.93,0.06,2434.84
288,ORD1399,CUST625,TABLE578,7,641.4,3457.15,0.23,528.83
289,ORD1936,CUST631,RUG436,7,140.78,926.33,0.06,177.26
290,ORD1577,CUST686,JEANS692,6,39.11,166.61,0.29,48.2
291,ORD1817,CUST565,CURTA330,6,839.29,4330.74,0.14,733.24
292,ORD1036,CUST594,FICTI917,7,34.53,181.28,0.25,23.57
293,ORD1046,CUST692,COMIC355,2,46.6,86.68,0.07,22.74
294,ORD1591,CUST516,LAMP565,2,959.94,1843.08,0.04,255.54
295,ORD1838,CUST646,JEANS825,8,395.51,3037.52,0.04,671.92
296,ORD1609,CUST530,T-SHI478,5,204.63,1002.69,0.02,228.47
297,ORD1096,CUST624,JEANS191,15,518.95,7083.67,0.09,1152.48
298,ORD1476,CUST600,BIOGR959,2,68.34,117.54,0.14,32.78
299,ORD1069,CUST564,NON-F394,10,206.5,1652,0.2,239.69
300,ORD1992,CUST545,NON-F966,20,733.99,11156.65,0.24,2895.6
301,ORD1375,CUST515,JACKE872,12,310.31,3463.06,0.07,626.18
302,ORD1484,CUST500,PHONE139,12,443.53,4630.45,0.13,983.16
303,ORD1249,CUST682,BIOGR294,12,918.5,9699.36,0.12,1868.42
304,ORD1076,CUST641,LAPTO963,10,571.1,4911.46,0.14,818.97
305,ORD1128,CUST505,BIOGR966,1,460.41,432.79,0.06,63.17
306,ORD1955,CUST689,NON-F826,2,100.73,175.27,0.13,41.7
307,ORD1078,CUST547,TABLE876,9,839.28,5891.75,0.22,850.1
308,ORD1611,CUST550,HEADP520,5,433.82,2082.34,0.04,333.68
309,ORD1855,CUST633,FICTI128,7,57,311.22,0.22,42.91
310,ORD1461,CUST583,FICTI952,7,907.77,6100.21,0.04,769.92
311,ORD1068,CUST562,SWEAT174,20,949.39,14620.61,0.23,3186.95
312,ORD1470,CUST670,T-SHI757,18,940.99,12872.74,0.24,2956.94
313,ORD1353,CUST675,COMIC106,15,393.43,4308.06,0.27,878.86
314,ORD1996,CUST664,RUG708,9,215.13,1490.85,0.23,441.25
315,ORD1573,CUST680,TABLE268,10,61.1,439.92,0.28,47.81
316,ORD1240,CUST678,JACKE163,18,863.13,13982.71,0.1,3439.42
317,ORD1489,CUST633,BIOGR165,5,677.85,2846.97,0.16,328.07
318,ORD1536,CUST630,BIOGR469,5,356.92,1374.14,0.23,241.09
319,ORD1044,CUST627,PHONE629,5,566.6,2351.39,0.17,298.81
320,ORD1527,CUST529,NON-F755,10,747.72,7028.57,0.06,2048.96
321,ORD1965,CUST669,BIOGR408,3,494.13,1096.97,0.26,317.59
322,ORD1369,CUST688,HEADP806,20,65.89,975.17,0.26,217.71
323,ORD1466,CUST673,COMIC761,18,847.88,13430.42,0.12,1633.01
324,ORD1911,CUST607,MIRRO492,20,435.77,8192.48,0.06,925.49
325,ORD1007,CUST665,PHONE837,14,303.71,4209.42,0.01,912.9
326,ORD1810,CUST615,FICTI908,14,519.27,6106.62,0.16,1630.24
327,ORD1129,CUST560,RUG652,15,784.46,10825.55,0.08,1142.74
328,ORD1660,CUST561,CURTA678,12,866.58,9463.05,0.09,2221.77
329,ORD1806,CUST577,NON-F335,20,596.35,9064.52,0.24,2429.58
330,ORD1139,CUST537,HEADP475,1,214.05,209.77,0.02,27.19
331,ORD1458,CUST674,JACKE500,12,426.76,4352.95,0.15,593.61
332,ORD1589,CUST544,HEADP463,6,289.05,1387.44,0.2,155.66
333,ORD1980,CUST652,TABLE934,14,374.22,5081.91,0.03,879.14
334,ORD1377,CUST587,T-SHI728,12,946.18,8515.62,0.25,2515.41
335,ORD1819,CUST598,BIOGR488,17,390.22,5306.99,0.2,917.32
336,ORD1923,CUST685,TABLE831,17,412.9,5124.09,0.27,615.03
337,ORD1918,CUST555,MIRRO851,20,27.63,508.39,0.08,127.54
338,ORD1508,CUST640,LAMP433,12,221.68,2048.32,0.23,301.19
339,ORD1426,CUST683,RUG743,1,403.17,342.69,0.15,88.55
340,ORD1936,CUST585,FICTI798,9,707.07,5663.63,0.11,1317.19
341,ORD1965,CUST561,COMIC640,14,858.26,10333.45,0.14,1925.4
342,ORD1604,CUST633,TABLE722,7,752.11,4106.52,0.22,463.06
343,ORD1396,CUST531,PHONE565,1,954.56,820.92,0.14,174.91
344,ORD1470,CUST622,TABLE880,8,610.27,4393.94,0.1,499.56
345,ORD1412,CUST590,HEADP522,4,57.45,172.35,0.25,43.54
346,ORD1904,CUST515,FICTI948,18,872.63,11780.51,0.25,3286.36
347,ORD1335,CUST642,SWEAT767,3,318.19,801.84,0.16,181.34
348,ORD1852,CUST554,SWEAT981,9,760.84,4930.24,0.28,535.22
349,ORD1607,CUST575,COMIC729,12,113.55,1035.58,0.24,218.99
350,ORD1486,CUST651,TABLE385,7,639.39,3177.77,0.29,393.15
351,ORD1988,CUST524,T-SHI299,4,502.15,1908.17,0.05,302.03
352,ORD1709,CUST663,JACKE918,15,83.74,929.51,0.26,174.99
353,ORD1243,CUST531,JACKE697,14,178.84,2128.2,0.15,415.79
354,ORD1474,CUST622,T-SHI301,14,855.98,11744.05,0.02,1470.51
355,ORD1437,CUST599,FICTI428,11,533.18,4164.14,0.29,976.76
356,ORD1124,CUST527,RUG325,12,505.2,5274.29,0.13,578.85
357,ORD1212,CUST525,RUG703,13,356.71,3338.81,0.28,931.98
358,ORD1586,CUST567,BIOGR859,9,429.62,3363.92,0.13,741.45
359,ORD1821,CUST698,T-SHI356,6,369.44,1906.31,0.14,558.8
360,ORD1557,CUST573,COMIC469,4,828.97,2420.59,0.27,301.02
361,ORD1058,CUST602,JACKE542,14,753.02,7485.02,0.29,1537.81
362,ORD1604,CUST664,CURTA402,13,35.03,346.1,0.24,39.26
363,ORD1678,CUST531,T-SHI223,12,603.09,6585.74,0.09,1501.32
364,ORD1655,CUST615,CURTA579,11,738.18,7876.38,0.03,1457.08
365,ORD1358,CUST650,TABLE336,9,673.1,5028.06,0.17,798.02
366,ORD1818,CUST508,TABLE931,19,219.19,3498.27,0.16,938
367,ORD1383,CUST635,BIOGR948,10,537.76,4839.84,0.1,1172.17
368,ORD1725,CUST642,HEADP778,12,690.18,6874.19,0.17,964.03
369,ORD1058,CUST632,COMIC163,15,588.92,7067.04,0.2,946.52
370,ORD1755,CUST550,SWEAT909,11,915.99,9773.61,0.03,1150.19
371,ORD1481,CUST645,BIOGR656,16,705.54,9143.8,0.19,1901.35
372,ORD1531,CUST554,CURTA304,4,214.73,747.26,0.13,114.62
373,ORD1900,CUST675,RUG119,4,477.72,1796.23,0.06,470.62
374,ORD1255,CUST684,SWEAT223,6,87.05,396.95,0.24,107.18
375,ORD1665,CUST562,COMIC205,12,582.14,5378.97,0.23,591.4
376,ORD1469,CUST505,COMIC800,12,195.56,1760.04,0.25,277.86
377,ORD1594,CUST550,T-SHI799,18,394.41,6602.42,0.07,1925.68
378,ORD1948,CUST650,CURTA673,18,297.74,5091.35,0.05,734.74
379,ORD1744,CUST575,SWEAT967,12,802.37,7606.47,0.21,1523.72
380,ORD1698,CUST611,FICTI174,6,413.07,2057.09,0.17,520.77
381,ORD1389,CUST671,TABLE943,20,892.25,14989.8,0.16,1852.67
382,ORD1872,CUST650,COMIC821,2,464.46,678.11,0.27,142.95
383,ORD1002,CUST683,LAPTO906,12,85.28,787.99,0.23,89.54
384,ORD1720,CUST595,PHONE254,14,805.83,7897.13,0.3,874.47
385,ORD1956,CUST594,LAMP836,19,668.55,9018.74,0.29,2496.77
386,ORD1242,CUST633,MIRRO588,16,126.12,1836.31,0.09,230.91
387,ORD1015,CUST643,HEADP206,17,14.51,241.74,0.02,54.79
388,ORD1384,CUST666,SWEAT643,9,669.74,5846.83,0.03,805.68
389,ORD1615,CUST530,JACKE919,13,244.56,2448.05,0.23,251.15
390,ORD1531,CUST683,LAMP227,1,95.32,87.69,0.08,12.57
391,ORD1583,CUST610,T-SHI747,7,507.87,2808.52,0.21,381.18
392,ORD1550,CUST626,NON-F855,17,600.73,8782.67,0.14,972.08
393,ORD1213,CUST606,BIOGR996,7,772.81,4814.61,0.11,1027.42
394,ORD1089,CUST525,HEADP103,7,685.42,3742.39,0.22,1092.16
395,ORD1478,CUST569,HEADP252,2,178.5,346.29,0.03,70.37
396,ORD1428,CUST668,RUG201,14,151.16,1566.02,0.26,261.76
397,ORD1838,CUST684,PHONE895,4,929.49,3011.55,0.19,841.01
398,ORD1540,CUST699,TABLE981,20,188.46,3015.36,0.2,561.16
399,ORD1845,CUST527,MIRRO821,18,312.15,5618.7,0,968.77
400,ORD1189,CUST520,CURTA668,20,761.12,10807.9,0.29,3187.46
401,ORD1434,CUST638,HEADP823,4,173.26,672.25,0.03,77.33
402,ORD1043,CUST699,MIRRO656,19,903.71,12191.05,0.29,1272.04
403,ORD1852,CUST521,RUG656,6,152.15,830.74,0.09,182.63
404,ORD1518,CUST654,RUG513,13,623.94,5921.19,0.27,1318.35
405,ORD1441,CUST668,FICTI843,15,160.2,2330.91,0.03,348.02
406,ORD1458,CUST641,MIRRO356,6,313.75,1863.67,0.01,440.44
407,ORD1361,CUST536,LAMP423,19,258.18,4316.77,0.12,454.35
408,ORD1871,CUST651,BIOGR173,5,292.88,1171.52,0.2,167.96
409,ORD1631,CUST625,FICTI553,5,172.98,683.27,0.21,160.7
410,ORD1687,CUST594,JEANS947,12,750.68,8107.34,0.1,1261.81
411,ORD1732,CUST565,T-SHI216,12,107.16,1273.06,0.01,310.85
412,ORD1332,CUST519,LAMP903,7,293.53,1808.14,0.12,353.51
413,ORD1343,CUST559,MIRRO376,18,128.18,1891.94,0.18,227.44
414,ORD1989,CUST671,JEANS574,13,275.03,3003.33,0.16,586.33
415,ORD1527,CUST567,HEADP102,1,511.21,424.3,0.17,104.02
416,ORD1475,CUST518,HEADP252,11,552.56,4558.62,0.25,1108.03
417,ORD1410,CUST677,HEADP612,20,684.25,11221.7,0.18,1131.42
418,ORD1099,CUST589,BIOGR856,7,534.08,2616.99,0.3,311.69
419,ORD1727,CUST586,JEANS766,12,568.37,5865.58,0.14,711.27
420,ORD1300,CUST590,RUG379,15,649.23,7595.99,0.22,937.78
421,ORD1880,CUST606,JACKE239,20,581.05,8483.33,0.27,1079.75
422,ORD1380,CUST628,RUG461,2,762.69,1128.78,0.26,157.11
423,ORD1749,CUST583,T-SHI662,9,961.56,7961.72,0.08,1561.95
424,ORD1103,CUST638,JEANS943,20,298.48,4357.81,0.27,1255.46
425,ORD1179,CUST609,PHONE486,17,803.55,11201.49,0.18,3351.46
426,ORD1428,CUST530,JEANS439,8,639.17,4295.22,0.16,498.38
427,ORD1990,CUST665,T-SHI768,17,503.56,8303.7,0.03,2341.85
428,ORD1876,CUST605,COMIC282,5,203.12,761.7,0.25,210.19
429,ORD1803,CUST570,CURTA328,7,473.85,2653.56,0.2,415.51
430,ORD1024,CUST579,T-SHI451,18,418.25,5721.66,0.24,1527.47
431,ORD1870,CUST674,CURTA395,16,138.82,1799.11,0.19,534.15
432,ORD1233,CUST589,LAPTO850,13,323.9,3073.81,0.27,366.85
433,ORD1332,CUST523,HEADP755,8,959.39,6370.35,0.17,753.26
434,ORD1203,CUST610,JEANS619,12,39.37,373.23,0.21,49.12
435,ORD1999,CUST686,SWEAT844,10,827.1,7857.45,0.05,1821.25
436,ORD1816,CUST545,JACKE788,2,787.68,1181.52,0.25,281.58
437,ORD1922,CUST640,NON-F378,3,869.91,2218.27,0.15,269.44
438,ORD1756,CUST676,JEANS128,4,291.28,990.35,0.15,273.52
439,ORD1801,CUST600,JACKE160,4,627.65,2134.01,0.15,556.64
440,ORD1954,CUST602,BIOGR998,14,137.66,1522.52,0.21,341.19
441,ORD1577,CUST573,LAPTO753,10,549.56,4176.66,0.24,427.01
442,ORD1933,CUST502,LAPTO672,2,96.35,152.23,0.21,31.02
443,ORD1724,CUST510,SWEAT650,3,779.49,2198.16,0.06,322.9
444,ORD1453,CUST555,FICTI439,14,658.39,7927.02,0.14,1964.36
445,ORD1914,CUST500,HEADP783,6,665.34,3992.04,0,890.64
446,ORD1474,CUST559,COMIC484,17,286.18,4524.51,0.07,550.1
447,ORD1556,CUST666,PHONE657,6,377.42,2151.29,0.05,582.16
448,ORD1702,CUST545,PHONE454,17,656.74,9043.31,0.19,2367.64
449,ORD1545,CUST678,RUG519,6,552.98,3118.81,0.06,710.75
450,ORD1677,CUST552,NON-F842,17,288.9,3929.04,0.2,566.64
451,ORD1286,CUST530,LAPTO609,15,91.53,1235.65,0.1,164.28
452,ORD1531,CUST576,LAPTO920,7,845.28,4496.89,0.24,749.23
453,ORD1040,CUST617,LAPTO332,12,944.77,8049.44,0.29,1671.98
454,ORD1277,CUST643,PHONE522,17,83.45,1177.48,0.17,127.73
455,ORD1802,CUST533,TABLE849,9,744.85,5228.85,0.22,1253.09
456,ORD1080,CUST558,BIOGR365,14,685.25,8250.41,0.14,2090.82
457,ORD1663,CUST571,T-SHI804,12,874.17,9126.33,0.13,2611.89
458,ORD1357,CUST547,JACKE994,14,755.74,8887.5,0.16,2035.09
459,ORD1302,CUST537,PHONE943,19,548.78,9801.21,0.06,1650.3
460,ORD1999,CUST568,FICTI996,8,873.21,4889.98,0.3,755.43
461,ORD1224,CUST696,CURTA212,15,448.2,4840.56,0.28,1086.09
462,ORD1272,CUST565,FICTI734,15,93.07,1284.37,0.08,212.82
463,ORD1944,CUST627,MIRRO953,4,240.16,874.18,0.09,162.19
464,ORD1447,CUST589,LAPTO401,13,277.52,3463.45,0.04,757.8
465,ORD1416,CUST675,MIRRO895,12,747.26,6815.01,0.24,1323.44
466,ORD1987,CUST543,JEANS579,13,760.21,8597.98,0.13,2493.57
467,ORD1218,CUST512,HEADP338,14,701.27,8246.94,0.16,2441.03
468,ORD1999,CUST662,LAPTO512,16,762.91,9643.18,0.21,1387.83
469,ORD1101,CUST501,JACKE560,2,571.93,903.65,0.21,228.78
470,ORD1668,CUST572,FICTI288,9,342.74,2652.81,0.14,640.32
471,ORD1538,CUST614,NON-F662,12,280.42,2725.68,0.19,398.8
472,ORD1133,CUST545,LAPTO698,1,851.63,740.92,0.13,108.46
473,ORD1501,CUST567,PHONE655,3,655.07,1611.47,0.18,305.48
474,ORD1451,CUST552,HEADP579,6,35.95,155.3,0.28,30.95
475,ORD1080,CUST636,JEANS336,16,575.27,6811.2,0.26,1289.16
476,ORD1697,CUST537,TABLE102,1,739.74,687.96,0.07,104.48
477,ORD1873,CUST552,NON-F350,6,896.22,5323.55,0.01,976.39
478,ORD1558,CUST516,TABLE960,19,825.85,11454.54,0.27,2006.94
479,ORD1811,CUST676,HEADP266,5,643.14,3183.54,0.01,371.23
480,ORD1115,CUST634,T-SHI761,5,187.56,740.86,0.21,111.48
481,ORD1692,CUST508,MIRRO807,20,512.46,7686.9,0.25,2125.5
482,ORD1002,CUST697,HEADP750,11,690.44,6607.51,0.13,1442.41
483,ORD1129,CUST637,LAMP119,3,15.15,42.72,0.06,8.28
484,ORD1499,CUST623,LAMP291,5,699.92,2484.72,0.29,314.88
485,ORD1778,CUST655,NON-F844,20,967.13,14313.52,0.26,3076.9
486,ORD1571,CUST650,LAMP160,16,271,3295.36,0.24,503.69
487,ORD1364,CUST510,MIRRO909,3,123.27,284.75,0.23,44.23
488,ORD1767,CUST626,SWEAT779,14,954.32,12024.43,0.1,1503.84
489,ORD1023,CUST520,T-SHI272,17,689.37,11367.71,0.03,2663.7
490,ORD1315,CUST558,NON-F674,7,25.57,150.35,0.16,42.48
491,ORD1622,CUST684,SWEAT843,1,211.93,180.14,0.15,43.57
492,ORD1983,CUST601,T-SHI751,2,594.52,1105.81,0.07,232.98
493,ORD1338,CUST573,TABLE590,13,310.47,3269.25,0.19,451.03
494,ORD1819,CUST596,FICTI295,4,220.29,713.74,0.19,85.08
495,ORD1514,CUST501,LAPTO851,6,792.92,3996.32,0.16,435.81
496,ORD1062,CUST613,MIRRO276,6,679.64,3547.72,0.13,977.68
497,ORD1236,CUST642,TABLE607,4,844.99,3177.16,0.06,898.78
498,ORD1712,CUST639,COMIC173,10,741.32,7264.94,0.02,1288.72
499,ORD1510,CUST627,SWEAT568,16,525.09,6217.07,0.26,841.94
500,ORD1944,CUST508,BIOGR862,10,127.8,1099.08,0.14,240.39
501,ORD1559,CUST604,BIOGR743,16,637.81,8776.27,0.14,2533.44
502,ORD1620,CUST619,CURTA880,4,860.69,3236.19,0.06,376.25
503,ORD1309,CUST549,PHONE336,5,403.78,1413.23,0.3,262.71
504,ORD1668,CUST698,MIRRO736,12,432.08,3733.17,0.28,893.49
505,ORD1637,CUST642,PHONE666,1,643.81,572.99,0.11,82.12
506,ORD1051,CUST633,CURTA898,3,829.55,2090.47,0.16,497.95
507,ORD1997,CUST682,HEADP738,10,338.05,2738.21,0.19,510.15
508,ORD1136,CUST608,HEADP521,13,214.91,2737.95,0.02,527.83
509,ORD1298,CUST563,HEADP592,11,386.57,3614.43,0.15,831.34
510,ORD1911,CUST530,LAPTO216,6,306.19,1671.8,0.09,375.55
511,ORD1362,CUST633,JACKE957,1,57.39,45.34,0.21,4.81
512,ORD1921,CUST585,HEADP922,12,29.01,271.53,0.22,50.51
513,ORD1082,CUST672,RUG298,15,562.92,6670.6,0.21,1009.62
514,ORD1530,CUST657,LAMP156,6,101.19,564.64,0.07,169.13
515,ORD1515,CUST586,FICTI588,15,316.06,3460.86,0.27,670.38
516,ORD1048,CUST679,JEANS980,6,114.14,650.6,0.05,151.44
517,ORD1004,CUST572,T-SHI851,6,845.33,3803.99,0.25,405.73
518,ORD1004,CUST549,PHONE922,4,772.03,2563.14,0.17,556.05
519,ORD1418,CUST578,MIRRO698,14,803.11,9107.27,0.19,1844.65
520,ORD1776,CUST654,T-SHI508,12,337.05,3437.91,0.15,763.49
521,ORD1530,CUST642,T-SHI206,5,98.13,407.24,0.17,96.96
522,ORD1549,CUST649,LAPTO522,10,643.82,4506.74,0.3,594.98
523,ORD1688,CUST555,MIRRO860,16,185.7,2644.37,0.11,578.3
524,ORD1484,CUST512,FICTI107,18,899.57,13115.73,0.19,1941.32
525,ORD1263,CUST559,COMIC791,19,799.02,12752.36,0.16,2791.57
526,ORD1425,CUST533,RUG551,4,23.24,84.59,0.09,15.01
527,ORD1726,CUST664,COMIC889,12,668.95,6502.19,0.19,1721.61
528,ORD1884,CUST587,FICTI290,2,162.68,302.58,0.07,84.52
529,ORD1732,CUST539,BIOGR859,6,808.05,3878.64,0.2,684.19
530,ORD1498,CUST521,FICTI350,4,675.57,2296.94,0.15,645.48
531,ORD1354,CUST607,T-SHI210,19,824.14,12370.34,0.21,2712.9
532,ORD1210,CUST644,JEANS365,14,817.37,11443.18,0,2436.84
533,ORD1395,CUST561,NON-F383,14,346.24,4701.94,0.03,839.39
534,ORD1724,CUST675,LAPTO317,11,984.42,9312.61,0.14,1785.92
535,ORD1675,CUST605,JACKE851,16,705.14,9589.9,0.15,2699.03
536,ORD1707,CUST620,RUG285,2,462,711.48,0.23,169.2
537,ORD1243,CUST571,SWEAT726,4,208.92,685.26,0.18,158.86
538,ORD1270,CUST533,HEADP651,12,169.97,1570.52,0.23,178.58
539,ORD1617,CUST553,PHONE485,16,902.19,12414.13,0.14,2267.41
540,ORD1391,CUST690,LAPTO245,8,719.56,4893.01,0.15,1067.03
541,ORD1012,CUST557,LAMP306,4,584.65,2174.9,0.07,482.28
542,ORD1393,CUST532,JACKE126,6,276.38,1376.37,0.17,183.93
543,ORD1538,CUST569,NON-F989,20,876.77,14203.67,0.19,2748.07
544,ORD1991,CUST660,COMIC946,20,681.6,13223.04,0.03,2882.76
545,ORD1654,CUST502,RUG247,4,867.28,3260.97,0.06,705.82
546,ORD1744,CUST581,LAMP697,7,166.1,883.65,0.24,177.73
547,ORD1907,CUST614,BIOGR717,15,113.13,1510.29,0.11,381.45
548,ORD1063,CUST536,SWEAT411,6,412.1,2299.52,0.07,307.81
549,ORD1535,CUST516,LAMP264,16,256.49,3775.53,0.08,1075.95
550,ORD1751,CUST524,JACKE940,20,26.8,402,0.25,50.21
551,ORD1940,CUST674,NON-F558,3,561.37,1650.43,0.02,407.09
552,ORD1328,CUST567,FICTI744,12,580.62,6758.42,0.03,1995.41
553,ORD1875,CUST567,NON-F713,8,461.12,3283.17,0.11,392.31
554,ORD1136,CUST523,COMIC100,10,486.94,3700.74,0.24,379.43
555,ORD1789,CUST569,LAMP107,14,691.37,9582.39,0.01,1090.71
556,ORD1309,CUST576,RUG378,20,191.22,2944.79,0.23,562.13
557,ORD1039,CUST646,JACKE670,8,294.67,1815.17,0.23,497.11
558,ORD1086,CUST521,NON-F911,14,236.64,3180.44,0.04,778.23
559,ORD1677,CUST525,LAPTO177,15,218.14,2323.19,0.29,303.76
560,ORD1579,CUST682,NON-F984,16,24.31,303.39,0.22,73.62
561,ORD1867,CUST601,COMIC551,6,886.67,3777.21,0.29,1090.93
562,ORD1036,CUST538,JACKE245,4,903.94,3326.5,0.08,892.47
563,ORD1660,CUST696,JEANS852,1,89.73,87.04,0.03,10.97
564,ORD1381,CUST548,LAPTO683,18,87.39,1211.23,0.23,152.45
565,ORD1878,CUST637,HEADP194,4,120,393.6,0.18,62.7
566,ORD1193,CUST623,LAMP580,3,520.77,1468.57,0.06,346.04
567,ORD1776,CUST591,CURTA806,9,486.74,3066.46,0.3,398.53
568,ORD1705,CUST522,TABLE703,20,486.38,7101.15,0.27,2085.11
569,ORD1720,CUST692,CURTA699,15,993.97,13418.6,0.1,3777.67
570,ORD1864,CUST651,TABLE209,12,195.31,2226.53,0.05,343.51
571,ORD1824,CUST595,LAMP467,11,959.95,10242.67,0.03,1632.84
572,ORD1812,CUST682,BIOGR151,2,876.82,1595.81,0.09,411.54
573,ORD1383,CUST640,HEADP788,15,789.9,10071.23,0.15,1963.5
574,ORD1055,CUST539,FICTI916,16,910.65,13404.77,0.08,1624.54
575,ORD1656,CUST582,LAMP845,12,779.86,8328.9,0.11,930.42
576,ORD1272,CUST698,FICTI239,11,108.39,1001.52,0.16,126.74
577,ORD1932,CUST698,LAMP273,15,669.28,7228.22,0.28,1499.58
578,ORD1280,CUST697,HEADP381,8,951,6923.28,0.09,887.22
579,ORD1597,CUST695,MIRRO409,8,249.21,1475.32,0.26,306.36
580,ORD1490,CUST624,CURTA530,20,525.33,10296.47,0.02,1500.17
581,ORD1653,CUST687,HEADP868,10,437.46,4374.6,0,923.37
582,ORD1323,CUST669,PHONE649,7,500.97,3366.52,0.04,370.28
583,ORD1872,CUST668,COMIC242,5,614.82,2735.95,0.11,774.87
584,ORD1079,CUST597,NON-F701,19,394.93,5627.75,0.25,855.47
585,ORD1753,CUST665,LAPTO992,4,282.8,893.65,0.21,236.32
586,ORD1922,CUST550,MIRRO898,3,682.43,1760.67,0.14,304.38
587,ORD1753,CUST612,LAMP598,13,945.46,10201.51,0.17,1753.43
588,ORD1783,CUST673,T-SHI168,16,587.14,8172.99,0.13,1676.02
589,ORD1308,CUST562,T-SHI480,1,824.37,799.64,0.03,112.26
590,ORD1582,CUST560,PHONE423,16,428.2,5617.98,0.18,789.8
591,ORD1377,CUST567,FICTI612,9,643.05,4803.58,0.17,666.67
592,ORD1885,CUST562,JACKE933,13,87.03,1006.94,0.11,197.26
593,ORD1718,CUST593,PHONE529,11,608.75,6160.55,0.08,666.73
594,ORD1845,CUST521,NON-F909,19,490.89,6622.11,0.29,1542.09
595,ORD1402,CUST616,T-SHI576,10,212.2,1952.24,0.08,264.36
596,ORD1487,CUST640,JACKE622,19,989.67,13350.65,0.29,2313.79
597,ORD1104,CUST624,PHONE912,6,745.89,3983.05,0.11,458.87
598,ORD1499,CUST521,NON-F108,8,29.02,185.73,0.2,45.58
599,ORD1984,CUST537,PHONE756,19,979.07,13951.75,0.25,3808.52
600,ORD1250,CUST601,HEADP421,12,845.15,7302.1,0.28,1762.19
601,ORD1082,CUST559,T-SHI656,1,50.85,39.15,0.23,5.81
602,ORD1121,CUST682,COMIC844,15,830.19,9837.75,0.21,1539.12
603,ORD1760,CUST601,T-SHI686,15,200.66,2739.01,0.09,821.48
604,ORD1350,CUST648,JACKE641,12,447.22,4078.65,0.24,900.38
605,ORD1414,CUST519,PHONE310,7,526.25,2983.84,0.19,481.01
606,ORD1481,CUST508,FICTI846,18,723.36,10676.79,0.18,2108.55
607,ORD1464,CUST513,LAMP112,11,430.9,3697.12,0.22,684.45
608,ORD1578,CUST521,LAMP883,20,130.3,2527.82,0.03,629.89
609,ORD1122,CUST650,CURTA728,19,99.26,1565.33,0.17,337.37
610,ORD1446,CUST676,CURTA642,4,981.19,3571.53,0.09,447.32
611,ORD1459,CUST510,COMIC468,12,301.16,2602.02,0.28,480.86
612,ORD1505,CUST550,HEADP797,15,180.12,2350.57,0.13,263.39
613,ORD1718,CUST674,RUG395,1,901.99,712.57,0.21,194.85
614,ORD1715,CUST562,MIRRO438,13,810.47,7586,0.28,1629.52
615,ORD1354,CUST665,JEANS259,16,179.47,2038.78,0.29,268.52
616,ORD1731,CUST674,HEADP372,12,865.98,9768.25,0.06,2656.29
617,ORD1693,CUST644,LAPTO793,10,716.69,5446.84,0.24,873.85
618,ORD1632,CUST578,NON-F204,2,347.83,633.05,0.09,128.97
619,ORD1492,CUST581,MIRRO565,16,287.77,4097.84,0.11,664.85
620,ORD1135,CUST671,CURTA805,8,285.32,1985.83,0.13,559.38
621,ORD1448,CUST572,HEADP676,1,853.04,673.9,0.21,113.75
622,ORD1504,CUST594,RUG905,7,842.54,4659.25,0.21,573.82
623,ORD1695,CUST517,PHONE292,11,764.24,6473.11,0.23,1412.48
624,ORD1288,CUST587,LAPTO159,1,65.69,46.64,0.29,11.08
625,ORD1842,CUST580,HEADP700,9,980.13,8644.75,0.02,2008.21
626,ORD1825,CUST515,RUG536,13,727.58,7945.17,0.16,2100.96
627,ORD1490,CUST607,MIRRO159,11,674.81,7422.91,0,1822.2
628,ORD1282,CUST518,LAPTO561,2,328.07,603.65,0.08,144.09
629,ORD1041,CUST553,PHONE705,11,535.02,5237.85,0.11,672.62
630,ORD1422,CUST656,TABLE444,19,133.1,2427.74,0.04,495.96
631,ORD1297,CUST572,HEADP138,13,742.56,9170.62,0.05,2107.76
632,ORD1804,CUST553,HEADP977,2,40,67.2,0.16,11.28
633,ORD1081,CUST599,HEADP867,13,615.82,6404.53,0.2,1177.76
634,ORD1686,CUST548,SWEAT598,9,468.83,3206.8,0.24,883.82
635,ORD1437,CUST647,JEANS980,2,655,1244.5,0.05,365.16
636,ORD1328,CUST511,LAMP344,11,612.28,6128.92,0.09,1146.85
637,ORD1618,CUST555,RUG456,17,512.22,7314.5,0.16,1479.39
638,ORD1453,CUST625,SWEAT891,4,203,730.8,0.1,90.49
639,ORD1129,CUST622,BIOGR641,17,663.45,8571.77,0.24,1472.86
640,ORD1856,CUST602,LAMP800,20,517.78,9837.82,0.05,2879.13
641,ORD1408,CUST592,CURTA822,7,806.12,4344.99,0.23,1017.44
642,ORD1650,CUST536,LAMP787,19,196.09,2682.51,0.28,744.06
643,ORD1381,CUST583,LAMP897,16,564.81,7952.52,0.12,1696.92
644,ORD1389,CUST676,JACKE746,4,637.44,2218.29,0.13,273.46
645,ORD1382,CUST682,LAPTO138,5,656.93,2594.87,0.21,496.57
646,ORD1799,CUST612,BIOGR657,11,948.04,7612.76,0.27,1104.59
647,ORD1736,CUST657,JACKE719,9,846.91,7164.86,0.06,1318.33
648,ORD1407,CUST541,LAMP698,16,180.61,2716.37,0.06,281.74
649,ORD1840,CUST668,HEADP680,4,292.12,1098.37,0.06,212.43
650,ORD1892,CUST521,RUG671,10,614.18,5527.62,0.1,1030.88
651,ORD1425,CUST637,BIOGR124,5,671.09,3120.57,0.07,439.51
652,ORD1826,CUST625,JACKE771,9,917.72,8094.29,0.02,1954.08
653,ORD1244,CUST602,TABLE331,20,859.66,15301.95,0.11,4081.58
654,ORD1685,CUST692,NON-F841,20,266.13,4790.34,0.1,601.39
655,ORD1357,CUST542,CURTA251,13,125.41,1499.9,0.08,375.67
656,ORD1424,CUST501,JACKE651,16,798.35,12518.13,0.02,3690.58
657,ORD1514,CUST509,LAMP451,11,569.45,4948.52,0.21,1087.98
658,ORD1604,CUST549,NON-F354,16,266.29,3834.58,0.1,1045.32
659,ORD1273,CUST556,MIRRO858,12,906.12,10873.44,0,2046.52
660,ORD1868,CUST686,COMIC395,8,911.73,6053.89,0.17,1108.11
661,ORD1626,CUST687,LAPTO847,18,156.41,2759.07,0.02,669.29
662,ORD1366,CUST686,TABLE503,9,287.19,1990.23,0.23,379.03
663,ORD1248,CUST571,LAPTO958,20,349.48,6849.81,0.02,932.72
664,ORD1528,CUST607,LAPTO576,4,650.79,2160.62,0.17,374.79
665,ORD1384,CUST666,MIRRO412,6,372.55,1810.59,0.19,537.2
666,ORD1962,CUST657,LAPTO436,16,27.21,391.82,0.1,101.57
667,ORD1880,CUST631,PHONE547,17,89.95,1085.7,0.29,280.54
668,ORD1274,CUST564,BIOGR423,18,132.06,2020.52,0.15,462.31
669,ORD1100,CUST651,T-SHI684,3,990.7,2556.01,0.14,652.49
670,ORD1256,CUST613,LAPTO959,9,462.31,3994.36,0.04,632.21
671,ORD1765,CUST540,SWEAT507,3,392.38,871.08,0.26,89.07
672,ORD1554,CUST523,LAPTO904,16,740.3,9475.84,0.2,1892.66
673,ORD1758,CUST540,JACKE691,19,949.42,18038.98,0,2982.15
674,ORD1941,CUST587,SWEAT305,10,142.1,1151.01,0.19,339.46
675,ORD1856,CUST656,RUG672,6,484.95,2589.63,0.11,303.82
676,ORD1071,CUST569,MIRRO840,10,160.81,1559.86,0.03,198.17
677,ORD1562,CUST657,MIRRO345,20,769.94,15244.81,0.01,4347.35
678,ORD1549,CUST696,JACKE363,15,71.21,1046.79,0.02,135.78
679,ORD1897,CUST508,CURTA120,20,901.85,17495.89,0.03,4091.13
680,ORD1998,CUST611,JEANS800,19,400.74,7233.36,0.05,1241.74
681,ORD1797,CUST668,LAMP752,16,323.41,4967.58,0.04,653.3
682,ORD1180,CUST599,LAPTO728,9,859.23,5799.8,0.25,1127.7
683,ORD1018,CUST612,SWEAT652,3,437.68,1208,0.08,205.37
684,ORD1325,CUST577,CURTA276,16,87.72,1319.31,0.06,180.02
685,ORD1659,CUST643,TABLE359,1,408.65,347.35,0.15,86.66
686,ORD1476,CUST699,FICTI857,10,908.76,8905.85,0.02,2047.12
687,ORD1313,CUST641,JACKE643,14,409.88,5164.49,0.1,958.53
688,ORD1442,CUST650,HEADP447,19,754.35,12899.39,0.1,2615.8
689,ORD1555,CUST634,HEADP672,20,533.48,9069.16,0.15,2415.16
690,ORD1015,CUST586,FICTI975,9,720.36,5445.92,0.16,1371.33
691,ORD1113,CUST598,BIOGR682,6,50.11,240.53,0.2,41.69
692,ORD1041,CUST636,SWEAT421,8,522.93,3430.42,0.18,637.27
693,ORD1815,CUST591,JACKE927,14,719.27,9666.99,0.04,1732.54
694,ORD1638,CUST687,TABLE247,10,850.99,7999.31,0.06,1219.63
695,ORD1366,CUST573,LAPTO769,6,63.18,363.92,0.04,85.62
696,ORD1481,CUST544,COMIC727,19,478.02,7992.49,0.12,1595.63
697,ORD1219,CUST691,FICTI928,9,838.85,7323.16,0.03,1576.03
698,ORD1469,CUST655,COMIC816,11,942.61,8191.28,0.21,1504
699,ORD1146,CUST633,CURTA455,6,629.27,3322.55,0.12,674.77
700,ORD1975,CUST644,PHONE348,6,914.53,4389.74,0.2,663.36
701,ORD1561,CUST567,FICTI700,10,629.39,4846.3,0.23,542.14
702,ORD1267,CUST568,NON-F881,2,602.79,904.18,0.25,101.82
703,ORD1657,CUST528,HEADP795,1,755.28,596.67,0.21,87.79
704,ORD1205,CUST656,COMIC497,2,980.44,1804.01,0.08,479.08
705,ORD1362,CUST544,HEADP464,15,652.49,7732.01,0.21,1564.97
706,ORD1383,CUST536,LAPTO181,1,677.52,514.92,0.24,107.82
707,ORD1080,CUST510,JEANS133,17,142.39,2178.57,0.1,223.91
708,ORD1489,CUST571,JEANS338,11,176.41,1591.22,0.18,422.23
709,ORD1408,CUST626,SWEAT210,19,373.6,5820.69,0.18,1274.83
710,ORD1733,CUST623,LAMP701,8,346.11,2575.06,0.07,473.84
711,ORD1455,CUST666,TABLE549,2,933.52,1549.64,0.17,427.8
712,ORD1133,CUST699,NON-F356,4,643.01,2546.32,0.01,597.77
713,ORD1382,CUST505,T-SHI347,5,912.42,3649.68,0.2,550.94
714,ORD1570,CUST501,COMIC321,9,44.56,292.76,0.27,45.92
715,ORD1439,CUST680,FICTI514,5,219.81,1044.1,0.05,233.76
716,ORD1975,CUST615,MIRRO634,18,468.48,8348.31,0.01,1819.39
717,ORD1140,CUST573,SWEAT624,4,616.82,2146.53,0.13,642.66
718,ORD1371,CUST612,BIOGR975,3,671.23,1751.91,0.13,422.57
719,ORD1104,CUST624,JACKE663,9,312.93,2703.72,0.04,309.22
720,ORD1929,CUST502,PHONE405,15,644.23,8020.66,0.17,1440.1
721,ORD1764,CUST662,LAMP175,15,21.21,279.97,0.12,71.87
722,ORD1467,CUST675,COMIC474,15,229.39,2993.54,0.13,379.89
723,ORD1080,CUST637,SWEAT725,7,831.8,5589.7,0.04,1363.84
724,ORD1210,CUST591,HEADP933,5,89.55,385.06,0.14,42.22
725,ORD1371,CUST622,LAPTO537,13,483.09,5400.95,0.14,629.57
726,ORD1372,CUST549,TABLE134,18,420.22,7261.4,0.04,1677.14
727,ORD1167,CUST631,JACKE425,4,812.75,2990.92,0.08,526.25
728,ORD1894,CUST526,T-SHI866,14,369.61,3622.18,0.3,790.13
729,ORD1767,CUST619,LAMP680,16,876.52,13182.86,0.06,1393.06
730,ORD1391,CUST501,LAMP856,10,874.15,6381.3,0.27,1105.89
731,ORD1817,CUST617,LAMP137,19,77.66,1136.17,0.23,269.9
732,ORD1487,CUST691,TABLE456,17,694.95,9923.89,0.16,2225.07
733,ORD1425,CUST689,CURTA844,1,346.22,273.51,0.21,43.79
734,ORD1550,CUST580,CURTA668,5,250.74,915.2,0.27,148.81
735,ORD1735,CUST526,SWEAT119,8,571.91,4163.5,0.09,737.18
736,ORD1556,CUST544,RUG762,7,452.76,2408.68,0.24,346.42
737,ORD1641,CUST525,SWEAT135,14,780.59,8633.33,0.21,947.53
738,ORD1113,CUST558,HEADP850,7,992.14,6389.38,0.08,1653.55
739,ORD1936,CUST691,LAMP951,5,443.51,1884.92,0.15,331.76
740,ORD1453,CUST574,LAPTO917,18,879.19,12027.32,0.24,1823.47
741,ORD1126,CUST684,LAPTO827,11,654.22,6476.78,0.1,1112.95
742,ORD1000,CUST626,COMIC690,19,989.19,16539.26,0.12,4090.93
743,ORD1707,CUST612,JACKE958,15,618.29,7697.71,0.17,1721.88
744,ORD1346,CUST699,COMIC309,17,411.95,5672.55,0.19,619.72
745,ORD1169,CUST582,SWEAT745,9,177.79,1392.1,0.13,334.88
746,ORD1765,CUST587,LAMP856,1,342.95,318.94,0.07,46.29
747,ORD1611,CUST593,PHONE549,17,610.55,8822.45,0.15,1792.64
748,ORD1414,CUST683,T-SHI723,16,668.88,8133.58,0.24,1167.69
749,ORD1464,CUST681,MIRRO718,6,841.24,4088.43,0.19,849.37
750,ORD1544,CUST697,LAPTO351,6,541.79,2470.56,0.24,451.85
751,ORD1462,CUST611,T-SHI555,6,975.13,5265.7,0.1,813.84
752,ORD1361,CUST692,NON-F735,19,644.54,11878.87,0.03,2886.51
753,ORD1723,CUST685,LAMP673,14,13.71,174.67,0.09,32.42
754,ORD1255,CUST641,SWEAT557,15,105.88,1365.85,0.14,248.7
755,ORD1373,CUST600,MIRRO549,2,525.63,904.08,0.14,110.99
756,ORD1337,CUST502,TABLE195,10,893.59,7327.44,0.18,1462.95
757,ORD1460,CUST508,JACKE859,6,991.54,5413.81,0.09,1595.71
758,ORD1826,CUST661,MIRRO527,15,822.69,11846.74,0.04,2337.17
759,ORD1081,CUST538,HEADP744,19,482.3,6872.78,0.25,844.71
760,ORD1529,CUST604,JEANS912,4,217.89,801.84,0.08,216.54
761,ORD1248,CUST537,MIRRO289,17,781.93,12761.1,0.04,3354.75
762,ORD1253,CUST624,BIOGR792,15,643.5,7432.43,0.23,858.3
763,ORD1261,CUST607,CURTA597,8,109.87,808.64,0.08,206.52
764,ORD1220,CUST610,HEADP973,16,977.57,11730.84,0.25,3234.87
765,ORD1198,CUST668,JEANS526,4,404.85,1165.97,0.28,324.74
766,ORD1531,CUST525,COMIC156,17,620.14,8644.75,0.18,2112.99
767,ORD1911,CUST602,CURTA512,1,30.24,22.68,0.25,5.4
768,ORD1945,CUST510,NON-F718,2,436.66,864.59,0.01,89.13
769,ORD1435,CUST538,CURTA684,5,958.52,4648.82,0.03,694.76
770,ORD1077,CUST675,PHONE731,10,583.53,4551.53,0.22,1022.9
771,ORD1654,CUST546,LAPTO982,6,369.79,1553.12,0.3,455.19
772,ORD1677,CUST523,TABLE530,1,235.26,195.27,0.17,32.43
773,ORD1463,CUST570,NON-F241,5,40.87,177.78,0.13,20.1
774,ORD1874,CUST510,FICTI225,16,796.53,11215.14,0.12,1154.99
775,ORD1987,CUST570,LAPTO346,13,94.24,1163.86,0.05,303.7
776,ORD1813,CUST694,FICTI451,11,976.14,7516.28,0.3,868.14
777,ORD1064,CUST516,T-SHI634,20,747.39,11509.81,0.23,1185.01
778,ORD1145,CUST531,LAPTO654,11,975.64,9873.48,0.08,1610.33
779,ORD1789,CUST643,NON-F668,11,771.04,6615.52,0.22,1982.72
780,ORD1650,CUST587,PHONE396,12,681.02,8090.52,0.01,2297.18
781,ORD1783,CUST681,BIOGR310,6,393.86,2315.9,0.02,499.47
782,ORD1790,CUST615,BIOGR276,12,452.89,5108.6,0.06,825.82
783,ORD1211,CUST660,LAMP949,14,246.31,3069.02,0.11,859.4
784,ORD1237,CUST546,PHONE652,4,382.64,1117.31,0.27,304.54
785,ORD1255,CUST622,T-SHI229,4,211.89,813.66,0.04,236.81
786,ORD1312,CUST589,NON-F596,19,711.81,12442.44,0.08,1535.03
787,ORD1035,CUST575,JACKE848,9,166.88,1366.75,0.09,165.25
788,ORD1629,CUST544,T-SHI587,13,985.89,9612.43,0.25,1747.77
789,ORD1059,CUST613,RUG459,10,10.79,98.19,0.09,15.52
790,ORD1817,CUST540,TABLE792,10,663.02,6033.48,0.09,1631.78
791,ORD1298,CUST591,SWEAT164,12,486.48,4903.72,0.16,572.41
792,ORD1058,CUST545,NON-F177,20,884.42,12912.53,0.27,2775.98
793,ORD1706,CUST512,NON-F264,9,269.61,1868.4,0.23,523.69
794,ORD1385,CUST594,CURTA775,17,171.62,2509.08,0.14,682.67
795,ORD1724,CUST583,LAMP632,14,893.71,9759.31,0.22,1852.41
796,ORD1351,CUST515,JEANS632,16,754.11,11583.13,0.04,1721.08
797,ORD1756,CUST525,TABLE319,14,961.79,9694.84,0.28,2831.86
798,ORD1016,CUST501,NON-F122,4,588.62,1860.04,0.21,518.81
799,ORD1563,CUST616,PHONE893,15,252.38,2990.7,0.21,671.29
800,ORD1616,CUST657,COMIC648,20,319.06,6125.95,0.04,1447.38
801,ORD1075,CUST568,NON-F461,19,633.67,8668.61,0.28,1081.07
802,ORD1793,CUST515,NON-F825,3,728.16,2031.57,0.07,342.87
803,ORD1112,CUST599,JACKE842,4,669.11,2542.62,0.05,434.7
804,ORD1731,CUST553,LAPTO420,13,685.13,7926.95,0.11,1669.77
805,ORD1600,CUST513,COMIC706,16,306.95,4321.86,0.12,1153.48
806,ORD1190,CUST517,T-SHI420,4,782.59,3130.36,0,543.02
807,ORD1050,CUST509,FICTI698,10,215.86,1597.36,0.26,187.47
808,ORD1914,CUST555,MIRRO721,11,118.95,1072.93,0.18,275.39
809,ORD1597,CUST606,MIRRO785,14,450.3,6115.07,0.03,1290.97
810,ORD1404,CUST670,LAPTO869,13,769.83,9207.17,0.08,2467.35
811,ORD1884,CUST661,LAPTO874,9,17.18,129.88,0.16,24.08
812,ORD1000,CUST590,MIRRO527,6,396.95,2119.71,0.11,433.09
813,ORD1685,CUST503,LAPTO751,14,83.21,897,0.23,179.97
814,ORD1063,CUST552,HEADP252,5,681.48,3032.59,0.11,550.66
815,ORD1250,CUST634,MIRRO694,6,221.91,1051.85,0.21,206.38
816,ORD1245,CUST616,SWEAT917,2,662.85,1100.33,0.17,244.66
817,ORD1731,CUST545,RUG269,7,161.19,992.93,0.12,140.07
818,ORD1522,CUST580,RUG686,17,983.56,16218.9,0.03,3580.73
819,ORD1591,CUST541,FICTI382,2,183.01,278.18,0.24,54.68
820,ORD1309,CUST504,JACKE870,6,841.13,4693.51,0.07,736.59
821,ORD1305,CUST667,LAPTO813,1,84.35,72.54,0.14,16.96
822,ORD1146,CUST626,TABLE966,17,709.19,10730.04,0.11,3080.74
823,ORD1488,CUST604,COMIC924,10,454.45,4408.16,0.03,1244.33
824,ORD1074,CUST540,MIRRO874,3,415.43,1071.81,0.14,224.37
825,ORD1828,CUST515,HEADP768,14,850.68,9527.62,0.2,2620.62
826,ORD1149,CUST563,CURTA996,14,347.46,4134.77,0.15,1177.67
827,ORD1620,CUST696,TABLE989,18,525.54,9365.12,0.01,2361.03
828,ORD1106,CUST542,PHONE243,2,60.43,87.02,0.28,20.38
829,ORD1979,CUST623,T-SHI821,14,997.8,10895.98,0.22,1571.32
830,ORD1290,CUST585,COMIC956,1,236.31,207.95,0.12,42.71
831,ORD1787,CUST632,MIRRO493,3,427.81,1026.74,0.2,291.28
832,ORD1235,CUST656,JACKE593,4,233.57,812.82,0.13,242.13
833,ORD1785,CUST679,JACKE331,1,493.95,390.22,0.21,67.6
834,ORD1954,CUST577,COMIC247,17,460.8,6110.21,0.22,1190.46
835,ORD1401,CUST556,LAPTO336,1,902.52,884.47,0.02,208.59
836,ORD1614,CUST519,JEANS713,2,200.56,328.92,0.18,82.66
837,ORD1221,CUST626,JEANS531,16,999.12,12788.74,0.2,1450
838,ORD1157,CUST537,FICTI472,11,835.21,6614.86,0.28,1682.03
839,ORD1708,CUST565,MIRRO234,18,353.48,5217.36,0.18,1524.79
840,ORD1439,CUST628,T-SHI602,11,287.37,2275.97,0.28,663.29
841,ORD1064,CUST578,JACKE660,12,399.55,3595.95,0.25,967.08
842,ORD1258,CUST602,JEANS879,16,26.72,410.42,0.04,41.22
843,ORD1061,CUST564,FICTI373,6,480.48,2479.28,0.14,326.83
844,ORD1053,CUST506,JEANS585,18,363.03,5162.29,0.21,741.95
845,ORD1383,CUST565,CURTA505,11,216.75,1692.82,0.29,210.29
846,ORD1351,CUST532,JEANS552,2,336.38,666.03,0.01,122.67
847,ORD1601,CUST580,TABLE248,3,788.87,2177.28,0.08,537.93
848,ORD1976,CUST524,T-SHI703,20,675.77,12704.48,0.06,2780.31
849,ORD1524,CUST648,BIOGR994,15,290.92,4014.7,0.08,438.44
850,ORD1015,CUST537,CURTA630,12,716.42,7393.45,0.14,975.82
851,ORD1933,CUST543,NON-F625,3,949.55,2734.7,0.04,591.3
852,ORD1795,CUST645,LAMP878,3,496.93,1147.91,0.23,236.51
853,ORD1778,CUST601,PHONE230,13,707.43,7449.24,0.19,1441.61
854,ORD1445,CUST524,RUG698,4,637.66,2117.03,0.17,594.57
855,ORD1888,CUST565,LAMP292,9,520.59,4404.19,0.06,984.71
856,ORD1535,CUST689,JACKE170,2,209.12,368.05,0.12,64.78
857,ORD1639,CUST590,NON-F163,19,191.76,3388.4,0.07,862.48
858,ORD1351,CUST543,LAPTO181,14,91.39,1036.36,0.19,266.73
859,ORD1416,CUST685,T-SHI686,2,795.98,1162.13,0.27,141
860,ORD1608,CUST682,TABLE247,18,805.13,14347.42,0.01,3164.86
861,ORD1696,CUST674,JEANS712,9,554.39,4041.5,0.19,523.32
862,ORD1005,CUST573,LAMP590,4,255.84,961.96,0.06,183.82
863,ORD1523,CUST621,TABLE118,10,247.3,1755.83,0.29,444.14
864,ORD1317,CUST671,LAPTO721,20,253.35,4661.64,0.08,861.92
865,ORD1792,CUST621,SWEAT759,1,292.78,251.79,0.14,36.8
866,ORD1565,CUST571,TABLE149,14,642.38,7734.26,0.14,1143.12
867,ORD1362,CUST626,LAMP788,7,401.82,2137.68,0.24,359.36
868,ORD1477,CUST529,COMIC489,3,722.59,2081.06,0.04,300.82
869,ORD1233,CUST547,LAPTO930,5,681.87,2659.29,0.22,440.24
870,ORD1020,CUST696,MIRRO258,3,847.25,2033.4,0.2,484.81
871,ORD1639,CUST618,FICTI430,18,341.29,5221.74,0.15,627.88
872,ORD1406,CUST584,NON-F371,14,326.42,3701.6,0.19,756.97
873,ORD1939,CUST617,COMIC418,3,959.75,2360.99,0.18,589.73
874,ORD1503,CUST520,T-SHI216,1,899.1,728.27,0.19,85.31
875,ORD1687,CUST565,RUG256,12,479.25,5463.45,0.05,1451.35
876,ORD1521,CUST602,LAMP247,15,395.6,4984.56,0.16,655.54
877,ORD1699,CUST690,TABLE792,1,26.34,22.65,0.14,3.8
878,ORD1131,CUST570,FICTI647,10,873.79,8388.38,0.04,2273.54
879,ORD1870,CUST677,RUG981,16,958.52,12729.15,0.17,2365.84
880,ORD1740,CUST673,JACKE586,1,754.1,618.36,0.18,163.42
881,ORD1264,CUST559,SWEAT480,18,823.87,14533.07,0.02,2270.78
882,ORD1963,CUST545,RUG667,16,901.86,12409.59,0.14,2283.11
883,ORD1672,CUST645,CURTA506,8,203.53,1367.72,0.16,191.14
884,ORD1145,CUST620,NON-F684,7,188.82,938.44,0.29,247.25
885,ORD1025,CUST545,SWEAT156,12,80.41,771.94,0.2,199.91
886,ORD1219,CUST502,MIRRO112,17,554.25,9045.36,0.04,1035.61
887,ORD1003,CUST605,T-SHI105,8,851.97,5725.24,0.16,1151.77
888,ORD1994,CUST667,BIOGR253,9,402.39,3549.08,0.02,1054.82
889,ORD1566,CUST690,NON-F439,6,778.92,3271.46,0.3,624.62
890,ORD1325,CUST618,COMIC213,11,647.18,5908.75,0.17,798.32
891,ORD1042,CUST503,TABLE211,14,768.14,10646.42,0.01,2925.56
892,ORD1577,CUST529,LAMP394,3,740.39,1621.45,0.27,362.54
893,ORD1977,CUST691,TABLE267,15,660.68,7333.55,0.26,2011.53
894,ORD1044,CUST608,CURTA452,16,207.53,2623.18,0.21,384.4
895,ORD1816,CUST654,LAMP504,13,973.05,9360.74,0.26,1669.41
896,ORD1655,CUST603,SWEAT561,7,60.11,361.86,0.14,75.22
897,ORD1512,CUST651,FICTI673,11,690.83,6307.28,0.17,701.67
898,ORD1982,CUST543,MIRRO171,20,638.87,9455.28,0.26,1245.04
899,ORD1384,CUST688,LAMP541,3,259.36,692.49,0.11,193.28
900,ORD1572,CUST637,MIRRO130,10,37.21,320.01,0.14,91.35
901,ORD1734,CUST545,NON-F964,17,209.19,3165.04,0.11,661.58
902,ORD1580,CUST684,HEADP185,5,938.29,4363.05,0.07,537.18
903,ORD1082,CUST516,LAPTO494,9,970.42,8559.1,0.02,990.2
904,ORD1136,CUST612,JEANS173,2,178.24,299.44,0.16,73.58
905,ORD1264,CUST526,CURTA637,20,779.17,14336.73,0.08,3874.42
906,ORD1029,CUST600,SWEAT911,18,863.35,11189.02,0.28,3275.25
907,ORD1060,CUST647,FICTI148,14,547.08,7352.76,0.04,1749.05
908,ORD1880,CUST661,FICTI356,12,236.44,2127.96,0.25,292.73
909,ORD1029,CUST558,LAMP292,4,757,2725.2,0.1,761.54
910,ORD1577,CUST589,LAMP516,5,112.88,524.89,0.07,141.93
911,ORD1606,CUST520,TABLE898,8,861.52,6892.16,0,1043.49
912,ORD1500,CUST608,LAPTO264,19,174.6,2919.31,0.12,551.87
913,ORD1296,CUST615,BIOGR791,9,633.48,5473.27,0.04,1595.54
914,ORD1585,CUST532,NON-F235,11,819.01,6486.56,0.28,1787.5
915,ORD1532,CUST524,HEADP254,10,681.7,5794.45,0.15,1144.29
916,ORD1783,CUST618,LAMP777,7,114.81,626.86,0.22,91.05
917,ORD1640,CUST590,MIRRO994,20,950.69,18823.66,0.01,5326.33
918,ORD1260,CUST570,TABLE476,5,455.51,2209.22,0.03,549.13
919,ORD1627,CUST598,T-SHI715,3,288.57,753.17,0.13,78.22
920,ORD1994,CUST647,COMIC763,7,91.64,493.94,0.23,67.39
921,ORD1228,CUST582,TABLE525,19,19.29,318.86,0.13,65.28
922,ORD1291,CUST514,RUG281,2,320.79,558.17,0.13,167.12
923,ORD1245,CUST690,RUG709,9,458.29,2887.23,0.3,462.74
924,ORD1769,CUST630,TABLE178,12,61.18,572.64,0.22,128.89
925,ORD1781,CUST544,CURTA257,15,258.5,3063.23,0.21,320.83
926,ORD1542,CUST638,SWEAT278,13,755.66,7564.16,0.23,1213.95
927,ORD1756,CUST604,LAPTO716,10,511.38,4755.83,0.07,628.91
928,ORD1924,CUST586,MIRRO784,4,311.96,973.32,0.22,274.33
929,ORD1824,CUST595,SWEAT485,2,72.63,139.45,0.04,22.65
930,ORD1308,CUST596,JEANS701,10,143.64,1034.21,0.28,105.26
931,ORD1801,CUST514,MIRRO848,4,475.42,1388.23,0.27,161.57
932,ORD1785,CUST514,MIRRO476,9,458.21,3876.46,0.06,965.18
933,ORD1320,CUST629,CURTA795,14,360.86,4900.48,0.03,900.01
934,ORD1636,CUST661,FICTI862,16,355.66,4609.35,0.19,681.24
935,ORD1007,CUST691,PHONE232,1,266.24,226.3,0.15,48.71
936,ORD1128,CUST568,RUG748,4,979.68,3683.6,0.06,1096.78
937,ORD1387,CUST633,MIRRO415,14,443.31,5647.77,0.09,786.91
938,ORD1688,CUST585,RUG263,15,781.36,9376.32,0.2,1037.96
939,ORD1905,CUST610,T-SHI795,8,720.12,4378.33,0.24,1183.5
940,ORD1202,CUST588,PHONE323,3,634.23,1560.21,0.18,279.83
941,ORD1177,CUST664,BIOGR250,7,329.75,2123.59,0.08,392.33
942,ORD1940,CUST680,LAMP672,9,706.66,6296.34,0.01,1464.59
943,ORD1111,CUST574,TABLE363,19,56.75,938.08,0.13,198.52
944,ORD1908,CUST617,CURTA339,5,536.56,2548.66,0.05,360.51
945,ORD1500,CUST572,HEADP464,20,818.94,11465.16,0.3,3055.08
946,ORD1199,CUST649,FICTI420,18,333.85,5588.65,0.07,668.77
947,ORD1404,CUST618,LAPTO147,16,739.59,9585.09,0.19,1919.91
948,ORD1388,CUST551,JACKE421,7,706.21,4201.95,0.15,844.34
949,ORD1915,CUST679,TABLE425,14,97.39,1227.11,0.1,270.75
950,ORD1006,CUST655,JACKE582,10,280.58,2076.29,0.26,226.01
951,ORD1460,CUST652,JEANS272,6,523.37,2574.98,0.18,291.23
952,ORD1666,CUST661,SWEAT268,4,925.03,3108.1,0.16,819.81
953,ORD1953,CUST584,FICTI918,16,278.76,4370.96,0.02,671.57
954,ORD1357,CUST554,T-SHI967,13,385.19,3655.45,0.27,917.82
955,ORD1687,CUST516,NON-F374,18,522.53,7994.71,0.15,1115.01
956,ORD1424,CUST687,T-SHI677,17,456.6,7063.6,0.09,1057.33
957,ORD1054,CUST531,SWEAT881,6,409.48,2014.64,0.18,324.54
958,ORD1328,CUST699,NON-F227,12,714.29,8400.05,0.02,1859.36
959,ORD1309,CUST501,BIOGR250,9,533.89,4180.36,0.13,744.44
960,ORD1882,CUST543,HEADP816,17,108.81,1683.29,0.09,280.71
961,ORD1556,CUST568,LAPTO853,12,764.18,8619.95,0.06,2481.92
962,ORD1870,CUST595,MIRRO519,3,747.64,1771.91,0.21,215.51
963,ORD1182,CUST574,CURTA995,20,468.02,7675.53,0.18,1180.78
964,ORD1201,CUST694,MIRRO649,11,132.98,1433.52,0.02,203.78
965,ORD1276,CUST529,COMIC623,2,130.49,250.54,0.04,55.91
966,ORD1080,CUST586,SWEAT989,2,535.23,995.53,0.07,190
967,ORD1728,CUST521,NON-F419,20,428.19,7793.06,0.09,951.73
968,ORD1675,CUST536,COMIC787,2,761.58,1431.77,0.06,426.21
969,ORD1566,CUST630,HEADP540,4,597.45,1864.04,0.22,408.88
970,ORD1457,CUST633,LAPTO143,12,830.35,9067.42,0.09,1084.29
971,ORD1638,CUST514,PHONE444,19,439.75,6684.2,0.2,1917.66
972,ORD1555,CUST573,BIOGR468,14,843.42,10509.01,0.11,3073.95
973,ORD1351,CUST623,NON-F752,9,737.87,6175.97,0.07,1006.66
974,ORD1940,CUST505,JACKE492,17,329.81,4373.28,0.22,1130.15
975,ORD1822,CUST511,CURTA492,10,689.67,6344.96,0.08,1319.13
976,ORD1519,CUST606,CURTA280,1,884.32,769.36,0.13,217.8
977,ORD1166,CUST514,HEADP228,1,996.49,747.37,0.25,222.61
978,ORD1450,CUST504,FICTI603,3,554.65,1447.64,0.13,352.28
979,ORD1603,CUST586,BIOGR382,11,919.34,9910.49,0.02,1854.39
980,ORD1602,CUST659,FICTI861,8,272.69,1788.85,0.18,520.26
981,ORD1305,CUST565,PHONE519,17,836.15,13503.82,0.05,2162.14
982,ORD1766,CUST518,NON-F889,17,43.35,560.08,0.24,100.41
983,ORD1677,CUST666,JACKE183,8,655.14,4035.66,0.23,731.84
984,ORD1249,CUST625,FICTI693,11,51.07,460.65,0.18,68.07
985,ORD1556,CUST527,CURTA657,1,767.88,683.41,0.11,76.9
986,ORD1811,CUST630,HEADP618,7,293.53,1664.32,0.19,258.45
987,ORD1577,CUST622,LAMP469,11,108.52,966.91,0.19,149.9
988,ORD1163,CUST618,SWEAT722,18,77.39,1016.9,0.27,188.58
989,ORD1235,CUST592,NON-F230,7,876.36,4968.96,0.19,829.82
990,ORD1980,CUST634,CURTA330,6,440.77,2538.84,0.04,646.05
991,ORD1440,CUST553,LAMP472,7,825.4,4795.57,0.17,492.37
992,ORD1209,CUST618,COMIC899,9,893.87,7562.14,0.06,1982.48
993,ORD1556,CUST550,JACKE866,17,754.13,12563.81,0.02,3699.25
994,ORD1067,CUST631,FICTI683,18,88.67,1580.1,0.01,377.76
995,ORD1021,CUST680,RUG695,15,457.73,5973.38,0.13,1357.24
996,ORD1829,CUST640,PHONE922,13,617.06,6577.86,0.18,691.94
997,ORD1530,CUST576,HEADP728,9,411.36,3665.22,0.01,985.55
998,ORD1022,CUST541,TABLE319,20,232.89,3819.4,0.18,466.04
999,ORD1929,CUST672,HEADP820,18,745.53,12748.56,0.05,2873.69
1000,ORD1119,CUST667,JEANS407,10,865.99,8140.31,0.06,2427.37
